,Rho,Cos,Ion Temperature,Minimum Energy
0,0.0,-0.875,2.4168516000000007,16584.43546549078
1,0.0,-0.625,2.4168516000000007,13954.367523415505
2,0.0,-0.375,2.4168516000000007,9492.628542573153
3,0.0,-0.125,2.4168516000000007,4941.595670324552
4,0.0,0.125,2.4168516000000007,2133.3392804891078
5,0.0,0.375,2.4168516000000007,944.466223374149
6,0.0,0.625,2.4168516000000007,481.1057891509093
7,0.0,0.875,2.4168516000000007,280.1902005958041
8,0.08,-0.875,2.3699999999999997,14251.192660064506
9,0.08,-0.625,2.3699999999999997,12087.78936903071
10,0.08,-0.375,2.3699999999999997,8368.59834397237
11,0.08,-0.125,2.3699999999999997,4508.382104609449
12,0.08,0.125,2.3699999999999997,2037.4224501894148
13,0.08,0.375,2.3699999999999997,934.3598962933345
14,0.08,0.625,2.3699999999999997,479.6790041587021
15,0.08,0.875,2.3699999999999997,276.6949446037759
16,0.16,-0.875,2.2560478999999996,11682.203878943177
17,0.16,-0.625,2.2560478999999996,10019.212848920572
18,0.16,-0.375,2.2560478999999996,7099.418915697035
19,0.16,-0.125,2.2560478999999996,3993.6876018109792
20,0.16,0.125,2.2560478999999996,1909.5173045025156
21,0.16,0.375,2.2560478999999996,915.5164274689378
22,0.16,0.625,2.2560478999999996,475.04523332415465
23,0.16,0.875,2.2560478999999996,270.8341046315173
24,0.24,-0.875,2.0889563,9667.778357808036
25,0.24,-0.625,2.0889563,8378.250298209317
26,0.24,-0.375,2.0889563,6065.706549083623
27,0.24,-0.125,2.0889563,3547.303097059936
28,0.24,0.125,2.0889563,1782.700920770557
29,0.24,0.375,2.0889563,889.8582443485744
30,0.24,0.625,2.0889563,466.5604631545724
31,0.24,0.875,2.0889563,263.23960422010794
32,0.32,-0.875,1.8869721000000006,7968.224935528999
33,0.32,-0.625,1.8869721000000006,6971.9599717518195
34,0.32,-0.375,1.8869721000000006,5150.240231350883
35,0.32,-0.125,1.8869721000000006,3121.9837181676844
36,0.32,0.125,1.8869721000000006,1642.3047631093425
37,0.32,0.375,1.8869721000000006,851.4496111116406
38,0.32,0.625,1.8869721000000006,450.99913385470114
39,0.32,0.875,1.8869721000000006,251.81901788249954
40,0.4,-0.875,1.6650124999999996,6523.3245712666385
41,0.4,-0.625,1.6650124999999996,5757.135313838384
42,0.4,-0.375,1.6650124999999996,4332.90456245319
43,0.4,-0.125,1.6650124999999996,2714.95263668057
44,0.4,0.125,1.6650124999999996,1489.54421021382
45,0.4,0.375,1.6650124999999996,800.374039161281
46,0.4,0.625,1.6650124999999996,428.2457460274763
47,0.4,0.875,1.6650124999999996,236.7200485932772
48,0.48,-0.875,1.4487864,5195.338770683996
49,0.48,-0.625,1.4487864,4620.399245156828
50,0.48,-0.375,1.4487864,3538.13793232795
51,0.48,-0.125,1.4487864,2286.3754456378765
52,0.48,0.125,1.4487864,1304.6026565529526
53,0.48,0.375,1.4487864,725.3762207813156
54,0.48,0.625,1.4487864,391.9919142365365
55,0.48,0.875,1.4487864,214.49593609600103
56,0.56,-0.875,1.2625814000000002,3933.1202877827127
57,0.56,-0.625,1.2625814000000002,3521.361005837903
58,0.56,-0.375,1.2625814000000002,2739.825777875644
59,0.56,-0.125,1.2625814000000002,1821.684589087151
60,0.56,0.125,1.2625814000000002,1077.9881787627382
61,0.56,0.375,1.2625814000000002,619.1569387716227
62,0.56,0.625,1.2625814000000002,337.82064288657386
63,0.56,0.875,1.2625814000000002,182.97123424550227
64,0.64,-0.875,1.1069127999999997,2754.638921115779
65,0.64,-0.625,1.1069127999999997,2481.09107281537
66,0.64,-0.375,1.1069127999999997,1959.5533180058867
67,0.64,-0.125,1.1069127999999997,1338.3903606998354
68,0.64,0.125,1.1069127999999997,819.7697937073485
69,0.64,0.375,1.1069127999999997,485.8804004166667
70,0.64,0.625,1.1069127999999997,267.5901267334579
71,0.64,0.875,1.1069127999999997,143.43025160993903
72,0.72,-0.875,0.9691854900000001,1747.9351661026842
73,0.72,-0.625,0.9691854900000001,1582.854626737865
74,0.72,-0.375,0.9691854900000001,1267.7710633974996
75,0.72,-0.125,0.9691854900000001,887.9826180362439
76,0.72,0.125,0.9691854900000001,561.7996005238703
77,0.72,0.375,0.9691854900000001,343.1786304014234
78,0.72,0.625,0.9691854900000001,190.68936602949174
79,0.72,0.875,0.9691854900000001,101.12774535671346
80,0.8,-0.875,0.8366970000000001,943.01408937966
81,0.8,-0.625,0.8366970000000001,858.5759134985548
82,0.8,-0.375,0.8366970000000001,697.4663274651618
83,0.8,-0.125,0.8366970000000001,500.97662596697774
84,0.8,0.125,0.8366970000000001,327.3724732791696
85,0.8,0.375,0.8366970000000001,206.21027855852336
86,0.8,0.625,0.8366970000000001,115.63283406051106
87,0.8,0.875,0.8366970000000001,60.664208897146146
88,0.8020202020202021,-0.875,0.8333086931407278,925.697592701345
89,0.8020202020202021,-0.625,0.8333086931407278,842.925112970006
90,0.8020202020202021,-0.375,0.8333086931407278,684.9977104054759
91,0.8020202020202021,-0.125,0.8333086931407278,492.3324075171005
92,0.8020202020202021,0.125,0.8333086931407278,321.98562873400425
93,0.8020202020202021,0.375,0.8333086931407278,202.9752737931303
94,0.8020202020202021,0.625,0.8333086931407278,113.84529099445575
95,0.8020202020202021,0.875,0.8333086931407278,59.70998105645238
96,0.8040404040404041,-0.875,0.8299163294190778,908.5470951831278
97,0.8040404040404041,-0.625,0.8299163294190778,827.4211502225692
98,0.8040404040404041,-0.375,0.8299163294190778,672.6391806547432
99,0.8040404040404041,-0.125,0.8299163294190778,483.7557246717763
100,0.8040404040404041,0.125,0.8299163294190778,316.6335692022172
101,0.8040404040404041,0.375,0.8299163294190778,199.75684938355045
102,0.8040404040404041,0.625,0.8299163294190778,112.06617537756601
103,0.8040404040404041,0.875,0.8299163294190778,58.7606920698811
104,0.8060606060606061,-0.875,0.826518532904181,891.5634209452129
105,0.8060606060606061,-0.625,0.826518532904181,812.0648396115411
106,0.8060606060606061,-0.375,0.826518532904181,660.391538578166
107,0.8060606060606061,-0.125,0.826518532904181,475.24732026225996
108,0.8060606060606061,0.125,0.826518532904181,311.3169015151701
109,0.8060606060606061,0.375,0.826518532904181,196.55544370361122
110,0.8060606060606061,0.625,0.826518532904181,110.29574131138031
111,0.8060606060606061,0.875,0.826518532904181,57.81647129295182
112,0.8080808080808082,-0.875,0.8231144830999744,874.7467308244661
113,0.8080808080808082,-0.625,0.8231144830999744,796.8563916365721
114,0.8080808080808082,-0.375,0.8231144830999744,648.2550940249562
115,0.8080808080808082,-0.125,0.8231144830999744,466.8075850044406
116,0.8080808080808082,0.125,0.8231144830999744,306.0360029935487
117,0.8080808080808082,0.375,0.8231144830999744,193.371351227592
118,0.8080808080808082,0.625,0.8231144830999744,108.53416232766774
119,0.8080808080808082,0.875,0.8231144830999744,56.87740571393118
120,0.8101010101010101,-0.875,0.8197038799033668,858.0045230018051
121,0.8101010101010101,-0.625,0.8197038799033668,781.7120803888694
122,0.8101010101010101,-0.375,0.8197038799033668,636.1628850383728
123,0.8101010101010101,-0.125,0.8197038799033668,458.3897542558594
124,0.8101010101010101,0.125,0.8197038799033668,300.76142162322526
125,0.8101010101010101,0.375,0.8197038799033668,190.18667815384825
126,0.8101010101010101,0.625,0.8197038799033668,106.77151340971358
127,0.8101010101010101,0.875,0.8197038799033668,55.93822113247602
128,0.8121212121212121,-0.875,0.8162867427364001,841.4300774166585
129,0.8121212121212121,-0.625,0.8162867427364001,766.716426786858
130,0.8121212121212121,-0.375,0.8162867427364001,624.1827080396378
131,0.8121212121212121,-0.125,0.8162867427364001,450.04141667195785
132,0.8121212121212121,0.125,0.8162867427364001,295.5233015841068
133,0.8121212121212121,0.375,0.8162867427364001,187.019816420927
134,0.8121212121212121,0.625,0.8162867427364001,105.01800735930675
135,0.8121212121212121,0.875,0.8162867427364001,55.00433964288431
136,0.8141414141414142,-0.875,0.8128641224476568,825.0216016844565
137,0.8141414141414142,-0.625,0.8128641224476568,751.8678619701326
138,0.8141414141414142,-0.375,0.8128641224476568,612.3134250229965
139,0.8141414141414142,-0.125,0.8128641224476568,441.76192034887106
140,0.8141414141414142,0.125,0.8128641224476568,290.3213375708866
141,0.8141414141414142,0.375,0.8128641224476568,183.87063042453406
142,0.8141414141414142,0.625,0.8128641224476568,103.27357660659592
143,0.8141414141414142,0.875,0.8128641224476568,54.075721700546445
144,0.8161616161616162,-0.875,0.809437164097606,808.7782613646602
145,0.8161616161616162,-0.625,0.809437164097606,737.1655334486617
146,0.8161616161616162,-0.375,0.809437164097606,600.554327272076
147,0.8161616161616162,-0.125,0.809437164097606,433.5507986419293
148,0.8161616161616162,0.125,0.809437164097606,285.1552659957793
149,0.8161616161616162,0.375,0.809437164097606,180.7389692021548
150,0.8161616161616162,0.625,0.809437164097606,101.53817780256125
151,0.8161616161616162,0.875,0.809437164097606,53.152491005628455
152,0.8181818181818182,-0.875,0.8060048994964077,792.6998904502789
153,0.8181818181818182,-0.625,0.8060048994964077,722.6094387809073
154,0.8181818181818182,-0.375,0.8060048994964077,588.9056330581608
155,0.8181818181818182,-0.125,0.8060048994964077,425.4084415669915
156,0.8181818181818182,0.125,0.8060048994964077,280.02550684610054
157,0.8181818181818182,0.375,0.8060048994964077,177.6251779988057
158,0.8181818181818182,0.625,0.8060048994964077,99.81199861463058
159,0.8181818181818182,0.875,0.8060048994964077,52.23467885984428
160,0.8202020202020203,-0.875,0.8025646242257374,776.7156182136871
161,0.8202020202020203,-0.625,0.8025646242257374,708.1354742099055
162,0.8202020202020203,-0.375,0.8025646242257374,577.3160731177791
163,0.8202020202020203,-0.125,0.8025646242257374,417.29900712508584
164,0.8202020202020203,0.125,0.8025646242257374,274.90944488939635
165,0.8202020202020203,0.375,0.8025646242257374,174.5154888600382
166,0.8202020202020203,0.625,0.8025646242257374,98.08737338528272
167,0.8202020202020203,0.875,0.8025646242257374,51.31812160492517
168,0.8222222222222223,-0.875,0.7991148317836209,760.9001103472749
169,0.8222222222222223,-0.625,0.7991148317836209,693.8113794853289
170,0.8222222222222223,-0.375,0.7991148317836209,565.8401657744505
171,0.8222222222222223,-0.125,0.7991148317836209,409.2609953620631
172,0.8222222222222223,0.125,0.7991148317836209,269.83165979541377
173,0.8222222222222223,0.375,0.7991148317836209,171.42501245051085
174,0.8222222222222223,0.625,0.7991148317836209,96.3727119248206
175,0.8222222222222223,0.875,0.7991148317836209,50.40727168419031
176,0.8242424242424243,-0.875,0.7956577283067385,745.2505130016091
177,0.8242424242424243,-0.625,0.7956577283067385,679.6346167485902
178,0.8242424242424243,-0.375,0.7956577283067385,554.475980497913
179,0.8242424242424243,-0.125,0.7956577283067385,401.2931792444479
180,0.8242424242424243,0.125,0.7956577283067385,264.7914673348969
181,0.8242424242424243,0.375,0.7956577283067385,168.35337401610474
182,0.8242424242424243,0.625,0.7956577283067385,94.66781259860475
183,0.8242424242424243,0.875,0.7956577283067385,49.50201921690873
184,0.8262626262626263,-0.875,0.7921959665878818,729.7637162406232
185,0.8262626262626263,-0.625,0.7921959665878818,665.6024131308926
186,0.8262626262626263,-0.375,0.7921959665878818,543.2213918225301
187,0.8262626262626263,-0.125,0.7921959665878818,393.3941867477553
188,0.8262626262626263,0.125,0.7921959665878818,259.78808470110346
189,0.8262626262626263,0.375,0.7921959665878818,165.3001346698863
190,0.8262626262626263,0.625,0.7921959665878818,92.97243749634903
191,0.8262626262626263,0.875,0.7921959665878818,48.602235476660596
192,0.8282828282828283,-0.875,0.7887289445246722,714.4365561577998
193,0.8282828282828283,-0.625,0.7887289445246722,651.7120771002062
194,0.8282828282828283,-0.375,0.7887289445246722,532.0746178284844
195,0.8282828282828283,-0.125,0.7887289445246722,385.563247727308
196,0.8282828282828283,0.125,0.7887289445246722,254.8214265360951
197,0.8282828282828283,0.375,0.7887289445246722,162.26548382428584
198,0.8282828282828283,0.625,0.7887289445246722,91.28674458189072
199,0.8282828282828283,0.875,0.7887289445246722,47.707998791315525
200,0.8303030303030303,-0.875,0.7852537168629065,699.1888333839397
201,0.8303030303030303,-0.625,0.7852537168629065,637.8913105806365
202,0.8303030303030303,-0.375,0.7852537168629065,520.9790446239831
203,0.8303030303030303,-0.125,0.7852537168629065,377.76263583091276
204,0.8303030303030303,0.125,0.7852537168629065,249.86942455906865
205,0.8303030303030303,0.375,0.7852537168629065,159.23713792431468
206,0.8303030303030303,0.625,0.7852537168629065,89.60424951365518
207,0.8303030303030303,0.875,0.7852537168629065,46.81587432414407
208,0.8323232323232324,-0.875,0.7817684467316713,684.1001033256518
209,0.8323232323232324,-0.625,0.7817684467316713,624.2120694409375
210,0.8323232323232324,-0.375,0.7817684467316713,509.9916210085816
211,0.8323232323232324,-0.125,0.7817684467316713,370.03112758952057
212,0.8323232323232324,0.125,0.7817684467316713,244.95551421398943
213,0.8323232323232324,0.375,0.7817684467316713,156.22864655395102
214,0.8323232323232324,0.625,0.7817684467316713,87.93224140146523
215,0.8323232323232324,0.875,0.7817684467316713,45.929712069183694
216,0.8343434343434344,-0.875,0.7782742797986055,669.1786014352277
217,0.8343434343434344,-0.625,0.7782742797986055,610.681600192482
218,0.8343434343434344,-0.375,0.7782742797986055,499.11757317938515
219,0.8343434343434344,-0.125,0.7782742797986055,362.37157304276013
220,0.8343434343434344,0.125,0.7782742797986055,240.08074884344322
221,0.8343434343434344,0.375,0.7782742797986055,153.24015019478142
222,0.8343434343434344,0.625,0.7782742797986055,86.27066215131191
223,0.8343434343434344,0.875,0.7782742797986055,45.04947701628733
224,0.8363636363636364,-0.875,0.7747727028147743,654.4223866794132
225,0.8363636363636364,-0.625,0.7747727028147743,597.2981958694438
226,0.8363636363636364,-0.375,0.7747727028147743,488.3556459649261
227,0.8363636363636364,-0.125,0.7747727028147743,354.7832318334889
228,0.8363636363636364,0.125,0.7747727028147743,235.24476527573805
229,0.8363636363636364,0.375,0.7747727028147743,150.27147937237544
230,0.8363636363636364,0.625,0.7747727028147743,84.61937603472654
231,0.8363636363636364,0.875,0.7747727028147743,44.17508051775968
232,0.8383838383838385,-0.875,0.7712637182006896,639.8308590851136
233,0.8383838383838385,-0.625,0.7712637182006896,584.0613726658349
234,0.8383838383838385,-0.375,0.7712637182006896,477.705582398005
235,0.8383838383838385,-0.125,0.7712637182006896,347.26608658696296
236,0.8383838383838385,0.125,0.7712637182006896,230.44767827024137
237,0.8383838383838385,0.375,0.7712637182006896,147.32276934599724
238,0.8383838383838385,0.625,0.7712637182006896,82.97845628607627
239,0.8383838383838385,0.875,0.7712637182006896,43.306552927205665
240,0.8404040404040405,-0.875,0.7677463932138403,625.3373747462347
241,0.8404040404040405,-0.625,0.7677463932138403,570.9106574930217
242,0.8404040404040405,-0.375,0.7677463932138403,467.11869476043705
243,0.8404040404040405,-0.125,0.7677463932138403,339.78572354835694
244,0.8404040404040405,0.125,0.7677463932138403,225.66746816122918
245,0.8404040404040405,0.375,0.7677463932138403,144.38043307832416
246,0.8404040404040405,0.625,0.7677463932138403,81.34039800905167
247,0.8404040404040405,0.875,0.7677463932138403,42.43994615219942
248,0.8424242424242424,-0.875,0.7642200699274436,611.0103178368357
249,0.8424242424242424,-0.625,0.7642200699274436,557.9082086336007
250,0.8424242424242424,-0.375,0.7642200699274436,456.64525982112553
251,0.8424242424242424,-0.125,0.7642200699274436,332.3779665852411
252,0.8424242424242424,0.125,0.7642200699274436,220.92727449963024
253,0.8424242424242424,0.375,0.7642200699274436,141.45885768338545
254,0.8424242424242424,0.625,0.7642200699274436,79.7132357656876
255,0.8424242424242424,0.875,0.7642200699274436,41.579496833042015
256,0.8444444444444444,-0.875,0.7606847363345964,596.8479166512894
257,0.8444444444444444,-0.625,0.7606847363345964,545.0526580051641
258,0.8444444444444444,-0.375,0.7606847363345964,446.28448017356425
259,0.8444444444444444,-0.125,0.7606847363345964,325.04255487738067
260,0.8444444444444444,0.125,0.7606847363345964,216.22714954691781
261,0.8444444444444444,0.375,0.7606847363345964,138.5581925300954
262,0.8444444444444444,0.625,0.7606847363345964,78.09705709828022
263,0.8444444444444444,0.875,0.7606847363345964,40.72524575537261
264,0.8464646464646465,-0.875,0.7571405041451371,582.8505843615183
265,0.8464646464646465,-0.625,0.7571405041451371,532.3442725165272
266,0.8464646464646465,-0.375,0.7571405041451371,436.0365410104153
267,0.8464646464646465,-0.125,0.7571405041451371,317.7796533150075
268,0.8464646464646465,0.125,0.7571405041451371,211.56723970750792
269,0.8464646464646465,0.375,0.7571405041451371,135.6785467404556
270,0.8464646464646465,0.625,0.7571405041451371,76.49193944577117
271,0.8464646464646465,0.875,0.7571405041451371,39.87722839011114
272,0.8484848484848485,-0.875,0.7535878289988861,569.0175488694301
273,0.8484848484848485,-0.625,0.7535878289988861,519.7823883034131
274,0.8484848484848485,-0.375,0.7535878289988861,425.901014607987
275,0.8484848484848485,-0.125,0.7535878289988861,310.5891014165659
276,0.8484848484848485,0.125,0.7535878289988861,206.94755399766728
277,0.8484848484848485,0.375,0.7535878289988861,132.81998374788617
278,0.8484848484848485,0.625,0.7535878289988861,74.89792928112372
279,0.8484848484848485,0.875,0.7535878289988861,39.03546402719361
280,0.8505050505050505,-0.875,0.7500273514612235,555.2859366711189
281,0.8505050505050505,-0.625,0.7500273514612235,507.3098970200034
282,0.8505050505050505,-0.375,0.7500273514612235,415.8317993400477
283,0.8505050505050505,-0.125,0.7500273514612235,303.4381555609372
284,0.8505050505050505,0.125,0.7500273514612235,202.34700771847764
285,0.8505050505050505,0.375,0.7500273514612235,129.96941203135364
286,0.8505050505050505,0.625,0.7500273514612235,73.3077172701032
287,0.8505050505050505,0.875,0.7500273514612235,38.19609910576756
288,0.8525252525252526,-0.875,0.7464591469611658,541.7186772910906
289,0.8525252525252526,-0.625,0.7464591469611658,494.9840567472008
290,0.8525252525252526,-0.375,0.7464591469611658,405.87533304360625
291,0.8525252525252526,-0.125,0.7464591469611658,296.36006354052796
292,0.8525252525252526,0.125,0.7464591469611658,197.78721122587427
293,0.8525252525252526,0.375,0.7464591469611658,127.14034989021236
294,0.8525252525252526,0.625,0.7464591469611658,71.72886675574513
295,0.8525252525252526,0.875,0.7464591469611658,37.3631134505553
296,0.8545454545454546,-0.875,0.7428821894993188,528.3160384145959
297,0.8545454545454546,-0.625,0.7428821894993188,482.80517626027654
298,0.8545454545454546,-0.375,0.7428821894993188,396.03200727627484
299,0.8545454545454546,-0.125,0.7428821894993188,289.3552808006435
300,0.8545454545454546,0.125,0.7428821894993188,193.2685970256241
301,0.8545454545454546,0.375,0.7428821894993188,124.33314045436995
302,0.8545454545454546,0.625,0.7428821894993188,70.16158138389963
303,0.8545454545454546,0.875,0.7428821894993188,36.53660803575481
304,0.8565656565656566,-0.875,0.7392955339563257,515.0781944636456
305,0.8565656565656566,-0.625,0.7392955339563257,470.77347925941757
306,0.8565656565656566,-0.375,0.7392955339563257,386.3021440187655
307,0.8565656565656566,-0.125,0.7392955339563257,282.42421237018567
308,0.8565656565656566,0.125,0.7392955339563257,188.79156471247853
309,0.8565656565656566,0.375,0.7392955339563257,121.54810649268994
310,0.8565656565656566,0.625,0.7392955339563257,68.60605351780397
311,0.8565656565656566,0.875,0.7392955339563257,35.71667784776951
312,0.8585858585858586,-0.875,0.7356998975472702,502.00415427542913
313,0.8585858585858586,-0.625,0.7356998975472702,458.888124043883
314,0.8585858585858586,-0.375,0.7356998975472702,376.6851907814
315,0.8585858585858586,-0.125,0.7356998975472702,275.5666238255198
316,0.8585858585858586,0.125,0.7356998975472702,184.35608672656926
317,0.8585858585858586,0.375,0.7356998975472702,118.78529628692964
318,0.8585858585858586,0.625,0.7356998975472702,67.06232070929174
319,0.8585858585858586,0.875,0.7356998975472702,34.90333719153202
320,0.8606060606060606,-0.875,0.7320967822283737,489.01589949986044
321,0.8606060606060606,-0.625,0.7320967822283737,447.0781600040687
322,0.8606060606060606,-0.375,0.7320967822283737,367.1236863531245
323,0.8606060606060606,-0.125,0.7320967822283737,268.7414679834091
324,0.8606060606060606,0.125,0.7320967822283737,179.93553528379667
325,0.8606060606060606,0.375,0.7320967822283737,116.02806002338765
326,0.8606060606060606,0.625,0.7320967822283737,65.52106724543788
327,0.8606060606060606,0.875,0.7320967822283737,34.09168625263447
328,0.8626262626262626,-0.875,0.7284866029128982,476.1895111287463
329,0.8626262626262626,-0.625,0.7284866029128982,435.41293990600803
330,0.8626262626262626,-0.375,0.7284866029128982,357.6741509564358
331,0.8626262626262626,-0.125,0.7284866029128982,261.98956434017083
332,0.8626262626262626,0.125,0.7284866029128982,175.556751809881
333,0.8626262626262626,0.375,0.7284866029128982,113.29338753851171
334,0.8626262626262626,0.625,0.7284866029128982,63.99184053816241
335,0.8626262626262626,0.875,0.7284866029128982,33.286739803933834
336,0.8646464646464647,-0.875,0.7248679232969324,463.5062918644203
337,0.8646464646464647,-0.625,0.7248679232969324,423.876184115076
338,0.8646464646464647,-0.375,0.7248679232969324,348.32503288553244
339,0.8646464646464647,-0.125,0.7248679232969324,255.30480817950166
340,0.8646464646464647,0.125,0.7248679232969324,171.217669797
341,0.8646464646464647,0.375,0.7248679232969324,110.5812059045907
342,0.8646464646464647,0.625,0.7248679232969324,62.474891610629435
343,0.8646464646464647,0.875,0.7248679232969324,32.48862308220734
344,0.8666666666666667,-0.875,0.7212394313976355,450.98436916013276
345,0.8666666666666667,-0.625,0.7212394313976355,412.4838409707094
346,0.8666666666666667,-0.375,0.7212394313976355,339.0880212251997
347,0.8666666666666667,-0.125,0.7212394313976355,248.6939193694829
348,0.8666666666666667,0.125,0.7212394313976355,166.92118660296882
349,0.8666666666666667,0.375,0.7212394313976355,107.8923652072229
350,0.8666666666666667,0.625,0.7212394313976355,60.9704886206278
351,0.8666666666666667,0.875,0.7212394313976355,31.697553573014822
352,0.8686868686868687,-0.875,0.7176018875648849,438.6280211649011
353,0.8686868686868687,-0.625,0.7176018875648849,401.23967744686246
354,0.8686868686868687,-0.375,0.7176018875648849,329.96589474070817
355,0.8686868686868687,-0.125,0.7176018875648849,242.15851925273554
356,0.8686868686868687,0.125,0.7176018875648849,162.66801608617777
357,0.8686868686868687,0.375,0.7176018875648849,105.2270780830977
358,0.8686868686868687,0.625,0.7176018875648849,59.47868030517213
359,0.8686868686868687,0.875,0.7176018875648849,30.91353003009319
360,0.8707070707070708,-0.875,0.713956895051303,426.3478155719056
361,0.8707070707070708,-0.625,0.713956895051303,390.06228110414656
362,0.8707070707070708,-0.375,0.713956895051303,320.89254476716576
363,0.8707070707070708,-0.125,0.713956895051303,235.6511612715732
364,0.8707070707070708,0.125,0.713956895051303,158.42719263726414
365,0.8707070707070708,0.375,0.713956895051303,102.56586997867214
366,0.8707070707070708,0.625,0.713956895051303,57.988523746187056
367,0.8707070707070708,0.875,0.713956895051303,30.130739960087944
368,0.8727272727272728,-0.875,0.7103048466394524,414.2339521724285
369,0.8727272727272728,-0.625,0.7103048466394524,379.03385525862404
370,0.8727272727272728,-0.375,0.7103048466394524,311.9349224901828
371,0.8727272727272728,-0.125,0.7103048466394524,229.22014354684478
372,0.8727272727272728,0.125,0.7103048466394524,154.2304257120093
373,0.8727272727272728,0.375,0.7103048466394524,99.92877821229757
374,0.8727272727272728,0.625,0.7103048466394524,56.511263475449375
375,0.8727272727272728,0.875,0.7103048466394524,29.355077011058114
376,0.8747474747474748,-0.875,0.7066443360986389,402.2869879848101
377,0.8747474747474748,-0.625,0.7066443360986389,368.1549762072395
378,0.8747474747474748,-0.375,0.7066443360986389,303.09364524572834
379,0.8747474747474748,-0.125,0.7066443360986389,222.86609596400785
380,0.8747474747474748,0.125,0.7066443360986389,150.0782755223076
381,0.8747474747474748,0.375,0.7066443360986389,97.31623749650535
382,0.8747474747474748,0.625,0.7066443360986389,55.04715667509571
383,0.8747474747474748,0.875,0.7066443360986389,28.586669064604372
384,0.8767676767676768,-0.875,0.7029741443413537,390.5073252330363
385,0.8767676767676768,-0.625,0.7029741443413537,357.4260788557104
386,0.8767676767676768,-0.375,0.7029741443413537,294.3692144426924
387,0.8767676767676768,-0.125,0.7029741443413537,216.5895639523924
388,0.8767676767676768,0.125,0.7029741443413537,145.97124651814755
389,0.8767676767676768,0.375,0.7029741443413537,94.72864745214069
390,0.8767676767676768,0.625,0.7029741443413537,53.596440902127526
391,0.8767676767676768,0.875,0.7029741443413537,27.8256336696339
392,0.8787878787878788,-0.875,0.6992949952844394,378.89427458236094
393,0.8787878787878788,-0.625,0.6992949952844394,346.8465990718872
394,0.8787878787878788,-0.375,0.6992949952844394,285.761308730273
395,0.8787878787878788,-0.125,0.6992949952844394,210.39048779313214
396,0.8787878787878788,0.125,0.6992949952844394,141.90943593179827
397,0.8787878787878788,0.375,0.6992949952844394,92.16614419593171
398,0.8787878787878788,0.625,0.6992949952844394,52.159204785122185
399,0.8787878787878788,0.875,0.6992949952844394,27.072010944414306
400,0.8808080808080808,-0.875,0.6956082892703508,367.4034170945206
401,0.8808080808080808,-0.625,0.6956082892703508,336.37609280654044
402,0.8808080808080808,-0.375,0.6956082892703508,277.23706926793176
403,0.8808080808080808,-0.125,0.6956082892703508,204.24526034860048
404,0.8808080808080808,0.125,0.6956082892703508,137.87741164032093
405,0.8808080808080808,0.375,0.6956082892703508,89.619002475119
406,0.8808080808080808,0.625,0.6956082892703508,50.72999432588802
407,0.8808080808080808,0.875,0.6956082892703508,26.3229413307274
408,0.8828282828282829,-0.875,0.6919143834858204,356.0798029375983
409,0.8828282828282829,-0.625,0.6919143834858204,326.05560378592764
410,0.8828282828282829,-0.375,0.6919143834858204,268.8299997175306
411,0.8828282828282829,-0.125,0.6919143834858204,198.17818479216032
412,0.8828282828282829,0.125,0.6919143834858204,133.89125255959223
413,0.8828282828282829,0.375,0.6919143834858204,87.09745779190959
414,0.8828282828282829,0.625,0.6919143834858204,49.314574196922926
415,0.8828282828282829,0.875,0.6919143834858204,25.58143660175196
416,0.8848484848484849,-0.875,0.688212278761277,344.92364945713985
417,0.8848484848484849,-0.625,0.688212278761277,315.88542529606156
418,0.8848484848484849,-0.375,0.688212278761277,260.5405122849021
419,0.8848484848484849,-0.125,0.688212278761277,192.18976420251144
420,0.8848484848484849,0.125,0.688212278761277,129.95145173140216
421,0.8848484848484849,0.375,0.688212278761277,84.60191316579025
422,0.8848484848484849,0.625,0.688212278761277,47.91318338332108
423,0.8848484848484849,0.875,0.688212278761277,24.847614628248298
424,0.8868686868686869,-0.875,0.6845011123715122,333.9347890509131
425,0.8868686868686869,-0.625,0.6845011123715122,305.8655451194364
426,0.8868686868686869,-0.375,0.6845011123715122,252.36881402251979
427,0.8868686868686869,-0.125,0.6845011123715122,186.28038929042052
428,0.8868686868686869,0.125,0.6845011123715122,126.05845284842492
429,0.8868686868686869,0.375,0.6845011123715122,82.13275463886046
430,0.8868686868686869,0.625,0.6845011123715122,46.52604950646459
431,0.8868686868686869,0.875,0.6845011123715122,24.12158725512602
432,0.888888888888889,-0.875,0.6807811599920391,323.11296683223145
433,0.888888888888889,-0.625,0.6807811599920391,295.9957962657876
434,0.888888888888889,-0.375,0.6807811599920391,244.31490981326465
435,0.888888888888889,-0.125,0.6807811599920391,180.4502403902661
436,0.888888888888889,0.125,0.6807811599920391,122.21251707914249
437,0.888888888888889,0.375,0.6807811599920391,79.69022783481691
438,0.888888888888889,0.625,0.6807811599920391,45.153323713764365
439,0.888888888888889,0.875,0.6807811599920391,23.403426562524107
440,0.8909090909090909,-0.875,0.6770530436619969,312.42303393341945
441,0.8909090909090909,-0.625,0.6770530436619969,286.24415723822216
442,0.8909090909090909,-0.375,0.6770530436619969,236.35274630901824
443,0.8909090909090909,-0.125,0.6770530436619969,174.68055177889704
444,0.8909090909090909,0.125,0.6770530436619969,118.40133544486903
445,0.8909090909090909,0.375,0.6770530436619969,77.26654896782804
446,0.8909090909090909,0.625,0.6770530436619969,43.7906361260548
447,0.8909090909090909,0.875,0.6770530436619969,22.69084416129966
448,0.8929292929292929,-0.875,0.6733171026258107,301.9007934029371
449,0.8929292929292929,-0.625,0.6733171026258107,276.64336469569554
450,0.8929292929292929,-0.375,0.6733171026258107,228.5092160654729
451,0.8929292929292929,-0.125,0.6733171026258107,168.99101653643086
452,0.8929292929292929,0.125,0.6733171026258107,114.6380851736764
453,0.8929292929292929,0.375,0.6733171026258107,74.87019624082224
454,0.8929292929292929,0.625,0.6733171026258107,42.442770329662
455,0.8929292929292929,0.875,0.6733171026258107,21.98633245867268
456,0.8949494949494949,-0.875,0.6695733537649403,291.5462575388783
457,0.8949494949494949,-0.625,0.6695733537649403,267.1934966887667
458,0.8949494949494949,-0.375,0.6695733537649403,220.78452661632488
459,0.8949494949494949,-0.125,0.6695733537649403,163.3819656780314
460,0.8949494949494949,0.125,0.6695733537649403,110.92313154020421
461,0.8949494949494949,0.375,0.6695733537649403,72.50148547986407
462,0.8949494949494949,0.625,0.6695733537649403,41.10994577654711
463,0.8949494949494949,0.875,0.6695733537649403,21.290005977976048
464,0.896969696969697,-0.875,0.665821698114701,281.3490628229166
465,0.896969696969697,-0.625,0.665821698114701,257.8855701281029
466,0.896969696969697,-0.375,0.665821698114701,213.17234244935256
467,0.896969696969697,-0.125,0.665821698114701,157.85009776727378
468,0.896969696969697,0.125,0.665821698114701,107.25542639783276
469,0.896969696969697,0.375,0.665821698114701,70.16048311381086
470,0.896969696969697,0.625,0.665821698114701,39.79237241276502
471,0.896969696969697,0.875,0.665821698114701,20.601968469787852
472,0.898989898989899,-0.875,0.6620616128331589,271.31284926243126
473,0.898989898989899,-0.625,0.6620616128331589,248.7228422005506
474,0.898989898989899,-0.375,0.6620616128331589,205.67519086062245
475,0.898989898989899,-0.125,0.6620616128331589,152.39706918558394
476,0.898989898989899,0.125,0.6620616128331589,103.63589920458173
477,0.898989898989899,0.375,0.6620616128331589,67.84766330710532
478,0.898989898989899,0.625,0.6620616128331589,38.49024535686841
479,0.898989898989899,0.875,0.6620616128331589,19.922304163221558
480,0.901010101010101,-0.875,0.6582925000278667,261.4193549779575
481,0.901010101010101,-0.625,0.6582925000278667,239.68835389289865
482,0.901010101010101,-0.375,0.6582925000278667,198.27859123857192
483,0.901010101010101,-0.125,0.6582925000278667,147.01156112710783
484,0.901010101010101,0.125,0.6582925000278667,100.0563293147232
485,0.901010101010101,0.375,0.6582925000278667,65.557298944846
486,0.901010101010101,0.625,0.6582925000278667,37.20022501200747
487,0.901010101010101,0.875,0.6582925000278667,19.249265436790164
488,0.9030303030303031,-0.875,0.6545146626218423,251.69662646547536
489,0.9030303030303031,-0.625,0.6545146626218423,230.80779170942708
490,0.9030303030303031,-0.375,0.6545146626218423,191.00373405517576
491,0.9030303030303031,-0.125,0.6545146626218423,141.7092050922806
492,0.9030303030303031,0.125,0.6545146626218423,96.52727333432985
493,0.9030303030303031,0.375,0.6545146626218423,63.29624220281458
494,0.9030303030303031,0.625,0.6545146626218423,35.92618753008903
495,0.9030303030303031,0.875,0.6545146626218423,18.584865774557613
496,0.9050505050505051,-0.875,0.6507293043478016,242.14433764418004
497,0.9050505050505051,-0.625,0.6507293043478016,222.0809260784041
498,0.9050505050505051,-0.375,0.6507293043478016,183.85057767533777
499,0.9050505050505051,-0.125,0.6507293043478016,136.49015481250092
500,0.9050505050505051,0.125,0.6507293043478016,93.04898392217991
501,0.9050505050505051,0.375,0.6507293043478016,61.06474157469679
502,0.9050505050505051,0.625,0.6507293043478016,34.66828734088893
503,0.9050505050505051,0.875,0.6507293043478016,17.92917804292753
504,0.9070707070707071,-0.875,0.6469371564812468,232.76243015950303
505,0.9070707070707071,-0.625,0.6469371564812468,213.50777277345017
506,0.9070707070707071,-0.375,0.6469371564812468,176.81928311358104
507,0.9070707070707071,-0.125,0.6469371564812468,131.3547140827182
508,0.9070707070707071,0.125,0.6469371564812468,89.62181617154167
509,0.9070707070707071,0.375,0.6469371564812468,58.86311326827129
510,0.9070707070707071,0.625,0.6469371564812468,33.426717385438074
511,0.9070707070707071,0.875,0.6469371564812468,17.282294934027888
512,0.9090909090909092,-0.875,0.6431370515748943,223.5515798170872
513,0.9090909090909092,-0.625,0.6431370515748943,205.0890210123094
514,0.9090909090909092,-0.375,0.6431370515748943,169.9105690892288
515,0.9090909090909092,-0.125,0.6431370515748943,126.30360118561032
516,0.9090909090909092,0.125,0.6431370515748943,86.24640859908433
517,0.9090909090909092,0.375,0.6431370515748943,56.69186044806503
518,0.9090909090909092,0.625,0.6431370515748943,32.20177690128526
519,0.9090909090909092,0.875,0.6431370515748943,16.6443639749278
520,0.9111111111111111,-0.875,0.6393274754491138,214.49931747953008
521,0.9111111111111111,-0.625,0.6393274754491138,196.813390659884
522,0.9111111111111111,-0.375,0.6393274754491138,163.11536644383116
523,0.9111111111111111,-0.125,0.6393274754491138,121.33039860870981
524,0.9111111111111111,0.125,0.6393274754491138,82.91864091731853
525,0.9111111111111111,0.375,0.6393274754491138,54.548429459913045
526,0.9111111111111111,0.625,0.6393274754491138,30.992035862762993
527,0.9111111111111111,0.875,0.6393274754491138,16.014633361327803
528,0.9131313131313131,-0.875,0.6355086352097761,205.61929588372342
529,0.9131313131313131,-0.625,0.6355086352097761,188.69343155723416
530,0.9131313131313131,-0.375,0.6355086352097761,156.4441307291226
531,0.9131313131313131,-0.125,0.6355086352097761,116.44295040921978
532,0.9131313131313131,0.125,0.6355086352097761,79.64392134603877
533,0.9131313131313131,0.375,0.6355086352097761,52.43639792992925
534,0.9131313131313131,0.625,0.6355086352097761,29.799529586271007
535,0.9131313131313131,0.875,0.6355086352097761,15.39415389657786
536,0.9151515151515152,-0.875,0.6316822483938849,196.91166696583502
537,0.9151515151515152,-0.625,0.6316822483938849,180.7292917169265
538,0.9151515151515152,-0.375,0.6316822483938849,149.89707245704156
539,0.9151515151515152,-0.125,0.6316822483938849,111.64154858241189
540,0.9151515151515152,0.125,0.6316822483938849,76.42256638207247
541,0.9151515151515152,0.375,0.6316822483938849,50.3560415815054
542,0.9151515151515152,0.625,0.6316822483938849,28.624431295066763
543,0.9151515151515152,0.875,0.6316822483938849,14.783007511116356
544,0.9171717171717172,-0.875,0.627849429382568,188.37649952281183
545,0.9171717171717172,-0.625,0.627849429382568,172.9211048292359
546,0.9171717171717172,-0.375,0.627849429382568,143.47445211025496
547,0.9171717171717172,-0.125,0.627849429382568,106.92657386404159
548,0.9171717171717172,0.125,0.627849429382568,73.25498844124338
549,0.9171717171717172,0.375,0.627849429382568,48.30771934232718
550,0.9171717171717172,0.625,0.627849429382568,27.466975332304745
551,0.9171717171717172,0.875,0.627849429382568,14.181344295800972
552,0.9191919191919192,-0.875,0.6240091996267848,180.01456576066894
553,0.9191919191919192,-0.625,0.6240091996267848,165.26964993587575
554,0.9191919191919192,-0.375,0.6240091996267848,137.17706520473388
555,0.9191919191919192,-0.125,0.6240091996267848,102.29880554206312
556,0.9191919191919192,0.125,0.6240091996267848,70.14187334065011
557,0.9191919191919192,0.375,0.6240091996267848,46.29197109295821
558,0.9191919191919192,0.625,0.6240091996267848,26.32747818401146
559,0.9191919191919192,0.875,0.6240091996267848,13.589310152363826
560,0.9212121212121213,-0.875,0.6201602332803314,171.79699529352425
561,0.9212121212121213,-0.625,0.6201602332803314,157.7485633639294
562,0.9212121212121213,-0.375,0.6201602332803314,130.98332860741914
563,0.9212121212121213,-0.125,0.6201602332803314,97.74252706058542
564,0.9212121212121213,0.125,0.6201602332803314,67.07276611971855
565,0.9212121212121213,0.375,0.6201602332803314,44.30209476677421
566,0.9212121212121213,0.625,0.6201602332803314,25.202147037112294
567,0.9212121212121213,0.875,0.6201602332803314,13.004896067678215
568,0.9232323232323233,-0.875,0.6163022550086432,163.75550195292087
569,0.9232323232323233,-0.625,0.6163022550086432,150.38694615463353
570,0.9232323232323233,-0.375,0.6163022550086432,124.91736692993932
571,0.9232323232323233,-0.125,0.6163022550086432,93.27568667039014
572,0.9232323232323233,0.125,0.6163022550086432,64.059925413967
573,0.9232323232323233,0.375,0.6163022550086432,42.3461398331843
574,0.9232323232323233,0.625,0.6163022550086432,24.095551207490388
575,0.9232323232323233,0.875,0.6163022550086432,12.430465704188528
576,0.9252525252525252,-0.875,0.61243579811367,155.89049158935416
577,0.9252525252525252,-0.625,0.61243579811367,143.18524286584056
578,0.9252525252525252,-0.375,0.61243579811367,118.979701726729
579,0.9252525252525252,-0.125,0.61243579811367,88.8988645849522
580,0.9252525252525252,0.125,0.61243579811367,61.103906416019434
581,0.9252525252525252,0.375,0.61243579811367,40.42456492425965
582,0.9252525252525252,0.625,0.61243579811367,23.007966298405737
583,0.9252525252525252,0.875,0.61243579811367,11.866153160645423
584,0.9272727272727272,-0.875,0.6085613808664754,148.20244825640302
585,0.9272727272727272,-0.625,0.6085613808664754,136.14397006844126
586,0.9272727272727272,-0.375,0.6085613808664754,113.17091472496448
587,0.9272727272727272,-0.125,0.6085613808664754,84.61268661402406
588,0.9272727272727272,0.125,0.6085613808664754,58.20529669404301
589,0.9272727272727272,0.375,0.6085613808664754,38.53785119156834
590,0.9272727272727272,0.625,0.6085613808664754,21.939680921537477
591,0.9272727272727272,0.875,0.6085613808664754,11.312099091345859
592,0.9292929292929293,-0.875,0.6046794225399259,140.68477442301625
593,0.9292929292929293,-0.625,0.6046794225399259,129.25750828327068
594,0.9292929292929293,-0.375,0.6046794225399259,107.48717736126818
595,0.9292929292929293,-0.125,0.6046794225399259,80.41533321097158
596,0.9292929292929293,0.125,0.6046794225399259,55.36373953418511
597,0.9292929292929293,0.375,0.6046794225399259,36.686333133219506
598,0.9292929292929293,0.625,0.6046794225399259,20.89099973375246
599,0.9292929292929293,0.875,0.6046794225399259,10.768452309041832
600,0.9313131313131313,-0.875,0.6007902652576749,133.30847420175377
601,0.9313131313131313,-0.625,0.6007902652576749,122.4990861457681
602,0.9313131313131313,-0.375,0.6007902652576749,101.9060174579645
603,0.9313131313131313,-0.125,0.6007902652576749,76.28974554711567
604,0.9313131313131313,0.125,0.6007902652576749,52.56727560087432
605,0.9313131313131313,0.375,0.6007902652576749,34.861941550715585
606,0.9313131313131313,0.625,0.6007902652576749,19.85728998129247
607,0.9313131313131313,0.875,0.6007902652576749,10.232804947624745
608,0.9333333333333333,-0.875,0.5968935072774472,126.1142184074666
609,0.9333333333333333,-0.625,0.5968935072774472,115.90590357141438
610,0.9333333333333333,-0.375,0.5968935072774472,96.45805432717594
611,0.9333333333333333,-0.125,0.5968935072774472,72.25843677884079
612,0.9333333333333333,0.125,0.5968935072774472,49.83105338516485
613,0.9333333333333333,0.375,0.5968935072774472,33.07447777983243
614,0.9333333333333333,0.625,0.5968935072774472,18.844083193409126
615,0.9333333333333333,0.875,0.5968935072774472,9.70801360346171
616,0.9353535353535354,-0.875,0.5929882467539789,119.10300297615147
617,0.9353535353535354,-0.625,0.5929882467539789,109.47895244162285
618,0.9353535353535354,-0.375,0.5929882467539789,91.14427468962019
619,0.9353535353535354,-0.125,0.5929882467539789,68.3223485442361
620,0.9353535353535354,0.125,0.5929882467539789,47.155890459866946
621,0.9353535353535354,0.375,0.5929882467539789,31.324584764573462
622,0.9353535353535354,0.625,0.5929882467539789,17.851761691960476
623,0.9353535353535354,0.875,0.5929882467539789,9.194266377504386
624,0.9373737373737374,-0.875,0.5890740524906745,112.27575603787952
625,0.9373737373737374,-0.625,0.5890740524906745,103.2191628602803
626,0.9373737373737374,-0.375,0.5890740524906745,85.9656148811801
627,0.9373737373737374,-0.125,0.5890740524906745,64.48238626266294
628,0.9373737373737374,0.125,0.5890740524906745,44.542581274595136
629,0.9373737373737374,0.375,0.5890740524906745,29.612891783100626
630,0.9373737373737374,0.625,0.5890740524906745,16.880700380601024
631,0.9373737373737374,0.875,0.5890740524906745,8.691747339568076
632,0.9393939393939394,-0.875,0.5851516425287563,105.63324264328139
633,0.9393939393939394,-0.625,0.5851516425287563,97.12731551073325
634,0.9393939393939394,-0.375,0.5851516425287563,80.92288774020756
635,0.9393939393939394,-0.125,0.5851516425287563,60.739364139297244
636,0.9393939393939394,0.125,0.5851516425287563,41.99185903383245
637,0.9393939393939394,0.375,0.5851516425287563,27.939989022164546
638,0.9393939393939394,0.625,0.5851516425287563,15.931252246324348
639,0.9393939393939394,0.875,0.5851516425287563,8.200629070592722
640,0.9414141414141415,-0.875,0.5812218349130798,99.14664165150744
641,0.9414141414141415,-0.625,0.5812218349130798,91.1770424076478
642,0.9414141414141415,-0.375,0.5812218349130798,75.9944010898478
643,0.9414141414141415,-0.125,0.5812218349130798,57.07735107108806
644,0.9414141414141415,0.125,0.5812218349130798,39.4930101639454
645,0.9414141414141415,0.375,0.5812218349130798,26.29893636355782
646,0.9414141414141415,0.625,0.5812218349130798,14.999492469103291
647,0.9414141414141415,0.875,0.5812218349130798,7.718873608981109
648,0.9434343434343435,-0.875,0.5772847417229049,92.84856181389299
649,0.9434343434343435,-0.625,0.5772847417229049,85.39833486115513
650,0.9434343434343435,-0.375,0.5772847417229049,71.20516172754427
651,0.9434343434343435,-0.125,0.5772847417229049,53.51513784066514
652,0.9434343434343435,0.125,0.5772847417229049,37.059035571084415
653,0.9434343434343435,0.375,0.5772847417229049,24.698382331594317
654,0.9434343434343435,0.625,0.5772847417229049,14.090351817732031
655,0.9434343434343435,0.875,0.5772847417229049,7.2490206034893365
656,0.9454545454545454,-0.875,0.5733400585812277,86.7403983772547
657,0.9454545454545454,-0.625,0.5733400585812277,79.79252303485855
658,0.9454545454545454,-0.375,0.5733400585812277,66.5564129046069
659,0.9454545454545454,-0.125,0.5733400585812277,50.05384167930835
660,0.9454545454545454,0.125,0.5733400585812277,34.690867090940436
661,0.9454545454545454,0.375,0.5733400585812277,23.1390450854029
662,0.9454545454545454,0.625,0.5733400585812277,13.204278083857714
663,0.9454545454545454,0.875,0.5733400585812277,6.791295647916004
664,0.9474747474747475,-0.875,0.5693874797503542,80.82333948895051
665,0.9474747474747475,-0.625,0.5693874797503542,74.3607896442586
666,0.9474747474747475,-0.375,0.5693874797503542,62.04931879080622
667,0.9474747474747475,-0.125,0.5693874797503542,46.694558004060006
668,0.9474747474747475,0.125,0.5693874797503542,32.38944813286877
669,0.9474747474747475,0.375,0.5693874797503542,21.62166635279303
670,0.9474747474747475,0.625,0.5693874797503542,12.341687946273773
671,0.9474747474747475,0.875,0.5693874797503542,6.345896821470525
672,0.9494949494949495,-0.875,0.5654267078625085,75.09849616468875
673,0.9494949494949495,-0.625,0.5654267078625085,69.10426903577881
674,0.9494949494949495,-0.375,0.5654267078625085,57.68502655444805
675,0.9494949494949495,-0.125,0.5654267078625085,43.438389935459575
676,0.9494949494949495,0.125,0.5654267078625085,30.155742512932118
677,0.9494949494949495,0.375,0.5654267078625085,20.147010826935993
678,0.9494949494949495,0.625,0.5654267078625085,11.503034445192444
679,0.9494949494949495,0.875,0.5654267078625085,5.913046952407119
680,0.9515151515151515,-0.875,0.5614575013165244,69.54283240376937
681,0.9515151515151515,-0.625,0.5614575013165244,64.00188153448171
682,0.9515151515151515,-0.375,0.5614575013165244,53.44618592669812
683,0.9515151515151515,-0.125,0.5614575013165244,40.272584759188376
684,0.9515151515151515,0.125,0.5614575013165244,27.98116602991788
685,0.9515151515151515,0.375,0.5614575013165244,18.709513410041296
686,0.9515151515151515,0.625,0.5614575013165244,10.685169838251616
687,0.9515151515151515,0.875,0.5614575013165244,5.491111948649326
688,0.9535353535353536,-0.875,0.5574800947971086,64.18403328980561
689,0.9535353535353536,-0.625,0.5574800947971086,59.07913413772009
690,0.9535353535353536,-0.375,0.5574800947971086,49.35415697931273
691,0.9535353535353536,-0.125,0.5574800947971086,37.21331174196034
692,0.9535353535353536,0.125,0.5574800947971086,25.87701127758564
693,0.9535353535353536,0.375,0.5574800947971086,17.316756070450836
694,0.9535353535353536,0.625,0.5574800947971086,9.89242748731117
695,0.9535353535353536,0.875,0.5574800947971086,5.082316367830206
696,0.9555555555555556,-0.875,0.5534949663184949,59.023557028435114
697,0.9555555555555556,-0.625,0.5534949663184949,54.337451992283434
698,0.9555555555555556,-0.375,0.5534949663184949,45.41030422227144
699,0.9555555555555556,-0.125,0.5534949663184949,34.26182002011518
700,0.9555555555555556,0.125,0.5534949663184949,23.84433478661832
701,0.9555555555555556,0.375,0.5534949663184949,15.96956288648358
702,0.9555555555555556,0.625,0.5534949663184949,9.125297786698743
703,0.9555555555555556,0.875,0.5534949663184949,4.686901307922489
704,0.9575757575757575,-0.875,0.5495024134901914,54.062980693712
705,0.9575757575757575,-0.625,0.5495024134901914,49.77837064342801
706,0.9575757575757575,-0.375,0.5495024134901914,41.61608621370727
707,0.9575757575757575,-0.125,0.5495024134901914,31.419432159413486
708,0.9575757575757575,0.125,0.5495024134901914,21.884246917134977
709,0.9575757575757575,0.375,0.5495024134901914,14.66879631313206
710,0.9575757575757575,0.625,0.5495024134901914,8.384293722759336
711,0.9575757575757575,0.875,0.5495024134901914,4.3051191949227805
712,0.9595959595959596,-0.875,0.5455024030170559,49.302606499421806
713,0.9595959595959596,-0.625,0.5455024030170559,45.4023321813372
714,0.9595959595959596,-0.375,0.5455024030170559,37.97218950823402
715,0.9595959595959596,-0.125,0.5455024030170559,28.68706052674409
716,0.9595959595959596,0.125,0.5455024030170559,19.997722655116714
717,0.9595959595959596,0.375,0.5455024030170559,13.415327435219883
718,0.9595959595959596,0.625,0.5455024030170559,7.669953070583952
719,0.9595959595959596,0.875,0.5455024030170559,3.9372349047322537
720,0.9616161616161616,-0.875,0.5414948495833994,44.73780947213515
721,0.9616161616161616,-0.625,0.5414948495833994,41.20255561215368
722,0.9616161616161616,-0.375,0.5414948495833994,34.47057712508003
723,0.9616161616161616,-0.125,0.5414948495833994,26.056780433586596
724,0.9616161616161616,0.125,0.5414948495833994,18.178033090728167
725,0.9616161616161616,0.375,0.5414948495833994,12.20397475257624
726,0.9616161616161616,0.625,0.5414948495833994,6.978120988233862
727,0.9616161616161616,0.875,0.5414948495833994,3.5804817539238925
728,0.9636363636363636,-0.875,0.5374795416675522,40.36260175644407
729,0.9636363636363636,-0.625,0.5374795416675522,37.17906351099648
730,0.9636363636363636,-0.375,0.5374795416675522,31.116757268163123
731,0.9636363636363636,-0.125,0.5374795416675522,23.53731251593857
732,0.9636363636363636,0.125,0.5374795416675522,16.434363915157732
733,0.9636363636363636,0.375,0.5374795416675522,11.042667007900056
734,0.9636363636363636,0.625,0.5374795416675522,6.315877909222813
735,0.9636363636363636,0.875,0.5374795416675522,3.23977258603109
736,0.9656565656565657,-0.875,0.5334562134526414,36.19777010911286
737,0.9656565656565657,-0.625,0.5334562134526414,33.348094945533745
738,0.9656565656565657,-0.375,0.5334562134526414,27.92147362623049
739,0.9656565656565657,-0.125,0.5334562134526414,21.134448132130174
740,0.9656565656565657,0.125,0.5334562134526414,14.769179919738008
741,0.9656565656565657,0.375,0.5334562134526414,9.93216293225802
742,0.9656565656565657,0.625,0.5334562134526414,5.682332415917353
743,0.9656565656565657,0.875,0.5334562134526414,2.913970534222762
744,0.9676767676767677,-0.875,0.5294247436428331,32.245335471919375
745,0.9676767676767677,-0.625,0.5294247436428331,29.711604227960585
746,0.9676767676767677,-0.375,0.5294247436428331,24.886554554364032
747,0.9676767676767677,-0.125,0.5294247436428331,18.84981499823449
748,0.9676767676767677,0.125,0.5294247436428331,13.183829415993568
749,0.9676767676767677,0.375,0.5294247436428331,8.873503670609782
750,0.9676767676767677,0.625,0.5294247436428331,5.077950213951452
751,0.9676767676767677,0.875,0.5294247436428331,2.603270990507279
752,0.9696969696969697,-0.875,0.5253852404206485,28.507410693817036
753,0.9696969696969697,-0.625,0.5253852404206485,26.271631680979276
754,0.9696969696969697,-0.375,0.5253852404206485,22.013902973708653
755,0.9696969696969697,-0.125,0.5253852404206485,16.6851007638584
756,0.9696969696969697,0.125,0.5253852404206485,11.679706325472738
757,0.9696969696969697,0.375,0.5253852404206485,7.867764131720496
758,0.9696969696969697,0.625,0.5253852404206485,4.503524050849848
759,0.9696969696969697,0.875,0.5253852404206485,2.3080994346326436
760,0.9717171717171718,-0.875,0.5213378446371623,24.957831285980408
761,0.9717171717171718,-0.625,0.5213378446371623,23.004186083188248
762,0.9717171717171718,-0.375,0.5213378446371623,19.283664851561586
763,0.9717171717171718,-0.125,0.5213378446371623,14.62557377181889
764,0.9717171717171718,0.125,0.5213378446371623,10.246774720319175
765,0.9717171717171718,0.375,0.5213378446371623,6.908363060581967
766,0.9717171717171718,0.625,0.5213378446371623,3.9553617460433443
767,0.9717171717171718,0.875,0.5213378446371623,2.0265544388081733
768,0.9737373737373738,-0.875,0.5172827749163181,21.631199153992533
769,0.9737373737373738,-0.625,0.5172827749163181,19.941210813684652
770,0.9737373737373738,-0.375,0.5172827749163181,16.722722393887018
771,0.9737373737373738,-0.125,0.5172827749163181,12.691755819592233
772,0.9737373737373738,0.125,0.5172827749163181,8.899526130547788
773,0.9737373737373738,0.375,0.5172827749163181,6.005141733505884
774,0.9737373737373738,0.625,0.5172827749163181,3.4391061979994473
775,0.9737373737373738,0.875,0.5172827749163181,1.7615202406898625
776,0.9757575757575758,-0.875,0.5132202765522464,18.53000676029362
777,0.9757575757575758,-0.625,0.5132202765522464,17.085102645496665
778,0.9757575757575758,-0.375,0.5132202765522464,14.333290421507707
779,0.9757575757575758,-0.125,0.5132202765522464,10.885588639619062
780,0.9757575757575758,0.125,0.5132202765522464,7.6395499390552635
781,0.9757575757575758,0.375,0.5132202765522464,5.159320279632176
782,0.9757575757575758,0.625,0.5132202765522464,2.9554781704310185
783,0.9757575757575758,0.875,0.5132202765522464,1.5133513063678978
784,0.9777777777777777,-0.875,0.5091504326335898,15.656879630161026
785,0.9777777777777777,-0.625,0.5091504326335898,14.438382084495007
786,0.9777777777777777,-0.375,0.5091504326335898,12.117689995917745
787,0.9777777777777777,-0.125,0.5091504326335898,9.20909822408464
788,0.9777777777777777,0.125,0.5091504326335898,6.468498596367683
789,0.9777777777777777,0.375,0.5091504326335898,4.372164739339761
790,0.9777777777777777,0.625,0.5091504326335898,2.505224709812333
791,0.9777777777777777,0.875,0.5091504326335898,1.282415034368775
792,0.9797979797979798,-0.875,0.5050731010832828,13.014583246057027
793,0.9797979797979798,-0.625,0.5050731010832828,12.003700630613846
794,0.9797979797979798,-0.375,0.5050731010832828,10.078355653539582
795,0.9797979797979798,-0.125,0.5050731010832828,7.664401489504093
796,0.9797979797979798,0.125,0.5050731010832828,5.388093240639665
797,0.9797979797979798,0.375,0.5050731010832828,3.6449914708133786
798,0.9797979797979798,0.625,0.5050731010832828,2.0891228721636335
799,0.9797979797979798,0.875,0.5050731010832828,1.069093714659147
800,0.9818181818181818,-0.875,0.500988133601892,10.594534239395802
801,0.9818181818181818,-0.625,0.500988133601892,9.77325164192625
802,0.9818181818181818,-0.375,0.500988133601892,8.20895854808863
803,0.9818181818181818,-0.125,0.500988133601892,6.24697285884655
804,0.9818181818181818,0.125,0.500988133601892,4.395405400590257
805,0.9818181818181818,0.375,0.500988133601892,2.9759855612649635
806,0.9818181818181818,0.625,0.500988133601892,1.706159639706152
807,0.9818181818181818,0.875,0.500988133601892,0.87285211851914
808,0.9838383838383838,-0.875,0.49689543794225416,8.41373718184724
809,0.9838383838383838,-0.625,0.49689543794225416,7.762811267348984
810,0.9838383838383838,-0.375,0.49689543794225416,6.52293531249162
811,0.9838383838383838,-0.125,0.49689543794225416,4.967274441360582
812,0.9838383838383838,0.125,0.49689543794225416,3.498004892717007
813,0.9838383838383838,0.375,0.49689543794225416,2.370409185371552
814,0.9838383838383838,0.625,0.49689543794225416,1.3593718868735984
815,0.9838383838383838,0.875,0.49689543794225416,0.6952299415656289
816,0.9858585858585859,-0.875,0.4927949420776444,6.475402097563725
817,0.9858585858585859,-0.625,0.4927949420776444,5.9754484838785435
818,0.9858585858585859,-0.375,0.4927949420776444,5.023085496877148
819,0.9858585858585859,-0.125,0.4927949420776444,3.827720004879829
820,0.9858585858585859,0.125,0.4927949420776444,2.697840794299209
821,0.9858585858585859,0.375,0.4927949420776444,1.8297478849507323
822,0.9858585858585859,0.625,0.4927949420776444,1.0496371589417106
823,0.9858585858585859,0.875,0.4927949420776444,0.5366591295869344
824,0.9878787878787879,-0.875,0.4886866196948018,4.782891667331533
825,0.9878787878787879,-0.625,0.4886866196948018,4.4143747212575954
826,0.9878787878787879,-0.375,0.4886866196948018,3.712331836813347
827,0.9878787878787879,-0.125,0.4886866196948018,2.830822033910917
828,0.9878787878787879,0.125,0.4886866196948018,1.9969368892388069
829,0.9878787878787879,0.375,0.4886866196948018,1.355542074703638
830,0.9878787878787879,0.625,0.4886866196948018,0.7778648261966279
831,0.9878787878787879,0.875,0.4886866196948018,0.3975873546495657
832,0.9898989898989898,-0.875,0.48457050007315267,3.339648125410351
833,0.9898989898989898,-0.625,0.48457050007315267,3.082873523270885
834,0.9898989898989898,-0.375,0.48457050007315267,2.59366526386863
835,0.9898989898989898,-0.125,0.48457050007315267,1.9791593837425154
836,0.9898989898989898,0.125,0.48457050007315267,1.3973791323068538
837,0.9898989898989898,0.375,0.48457050007315267,0.9493860555289573
838,0.9898989898989898,0.625,0.48457050007315267,0.5449988998331134
839,0.9898989898989898,0.875,0.48457050007315267,0.2784794278854996
840,0.9919191919191919,-0.875,0.4804466228087652,2.149136918749222
841,0.9919191919191919,-0.625,0.4804466228087652,1.9842587935460667
842,0.9919191919191919,-0.375,0.4804466228087652,1.6700949944383605
843,0.9919191919191919,-0.125,0.4804466228087652,1.2753051363541046
844,0.9919191919191919,0.125,0.4804466228087652,0.9012282674077945
845,0.9919191919191919,0.375,0.4804466228087652,0.6128420943959756
846,0.9919191919191919,0.625,0.4804466228087652,0.35195857827296523
847,0.9919191919191919,0.875,0.4804466228087652,0.17978710748669594
848,0.9939393939393939,-0.875,0.4763150598400602,1.2157679543116506
849,0.9939393939393939,-0.625,0.4763150598400602,1.1227183132744074
850,0.9939393939393939,-0.375,0.4763150598400602,0.9453819647351371
851,0.9939393939393939,-0.125,0.4763150598400602,0.7224327591149058
852,0.9939393939393939,0.125,0.4763150598400602,0.5109957637469573
853,0.9939393939393939,0.375,0.4763150598400602,0.3477982380519449
854,0.9939393939393939,0.625,0.4763150598400602,0.19985539388385443
855,0.9939393939393939,0.875,0.4763150598400602,0.10205923851633364
856,0.9959595959595959,-0.875,0.4721758924958279,0.5435910564113112
857,0.9959595959595959,-0.625,0.4721758924958279,0.5021053208396582
858,0.9959595959595959,-0.375,0.4721758924958279,0.4230070078758714
859,0.9959595959595959,-0.125,0.4721758924958279,0.32350652457548656
860,0.9959595959595959,0.125,0.4721758924958279,0.22905123613439501
861,0.9959595959595959,0.375,0.4721758924958279,0.15605123352557776
862,0.9959595959595959,0.625,0.4721758924958279,0.08975088376236505
863,0.9959595959595959,0.875,0.4721758924958279,0.04581889409974999
864,0.997979797979798,-0.875,0.46802920210587307,0.13685173539410542
865,0.997979797979798,-0.625,0.46802920210587307,0.12645644402097822
866,0.997979797979798,-0.375,0.46802920210587307,0.10661056947584993
867,0.997979797979798,-0.125,0.46802920210587307,0.08161960176729612
868,0.997979797979798,0.125,0.46802920210587307,0.05786247980419642
869,0.997979797979798,0.375,0.46802920210587307,0.03947021328289191
870,0.997979797979798,0.625,0.46802920210587307,0.022749487995365757
871,0.997979797979798,0.875,0.46802920210587307,0.011610391763855468
872,1.0,-0.875,0.46387507,0.0
873,1.0,-0.625,0.46387507,0.0
874,1.0,-0.375,0.46387507,0.0
875,1.0,-0.125,0.46387507,0.0
876,1.0,0.125,0.46387507,0.0
877,1.0,0.375,0.46387507,0.0
878,1.0,0.625,0.46387507,0.0
879,1.0,0.875,0.46387507,0.0
